{
    "accuracy": 0.9696969696969697,
    "classification_report": "              precision    recall  f1-score   support\n\n           0       0.97      0.97      0.97        38\n           1       0.96      0.96      0.96        28\n\n    accuracy                           0.97        66\n   macro avg       0.97      0.97      0.97        66\nweighted avg       0.97      0.97      0.97        66\n",
    "y_score": [
        [
            0.03300369553654223,
            0.9669963044634577
        ],
        [
            0.04336637635836149,
            0.9566336236416386
        ],
        [
            0.04336637635836149,
            0.9566336236416386
        ],
        [
            0.01729513218224381,
            0.9827048678177563
        ],
        [
            0.07714269759688223,
            0.9228573024031177
        ],
        [
            0.33616962018098157,
            0.6638303798190183
        ],
        [
            0.9714513352152087,
            0.02854866478479131
        ],
        [
            0.9780175048353491,
            0.021982495164651047
        ],
        [
            0.023429785128647695,
            0.9765702148713523
        ],
        [
            0.05352200333797315,
            0.9464779966620267
        ],
        [
            0.5090240881567785,
            0.49097591184322154
        ],
        [
            0.9295311540721951,
            0.07046884592780511
        ],
        [
            0.9802719017357765,
            0.01972809826422352
        ],
        [
            0.06514560616542465,
            0.9348543938345755
        ],
        [
            0.42269433308730325,
            0.5773056669126968
        ],
        [
            0.026735116255686364,
            0.9732648837443135
        ],
        [
            0.9805551814620241,
            0.019444818537975916
        ],
        [
            0.023429785128647695,
            0.9765702148713523
        ],
        [
            0.9391691104663262,
            0.06083088953367395
        ],
        [
            0.9812732392895012,
            0.01872676071049875
        ],
        [
            0.9685741058150943,
            0.03142589418490563
        ],
        [
            0.925592719828431,
            0.07440728017156914
        ],
        [
            0.9850444441813534,
            0.014955555818646668
        ],
        [
            0.3085453775643403,
            0.6914546224356598
        ],
        [
            0.7648248318516028,
            0.23517516814839717
        ],
        [
            0.962972239304009,
            0.0370277606959909
        ],
        [
            0.04542513218141103,
            0.954574867818589
        ],
        [
            0.9709248127524474,
            0.029075187247552727
        ],
        [
            0.9866602517123017,
            0.013339748287698298
        ],
        [
            0.016517856548389682,
            0.9834821434516101
        ],
        [
            0.016517856548389682,
            0.9834821434516101
        ],
        [
            0.961252161310663,
            0.03874783868933689
        ],
        [
            0.9865105817722127,
            0.013489418227787145
        ],
        [
            0.981885622540365,
            0.018114377459634973
        ],
        [
            0.5219340446764033,
            0.47806595532359686
        ],
        [
            0.7987918184298851,
            0.20120818157011486
        ],
        [
            0.023429785128647695,
            0.9765702148713523
        ],
        [
            0.9691405295322806,
            0.030859470467719356
        ],
        [
            0.021823744186094587,
            0.9781762558139054
        ],
        [
            0.023429785128647695,
            0.9765702148713523
        ],
        [
            0.03300369553654223,
            0.9669963044634577
        ],
        [
            0.9812732392895012,
            0.01872676071049875
        ],
        [
            0.18978071706990587,
            0.8102192829300942
        ],
        [
            0.9327009085697201,
            0.06729909143027987
        ],
        [
            0.9814872073632465,
            0.01851279263675354
        ],
        [
            0.9812732392895012,
            0.01872676071049875
        ],
        [
            0.9554271253265058,
            0.04457287467349423
        ],
        [
            0.9691405295322806,
            0.030859470467719356
        ],
        [
            0.9787762599906723,
            0.02122374000932779
        ],
        [
            0.8996137478241008,
            0.10038625217589929
        ],
        [
            0.9802719017357765,
            0.01972809826422352
        ],
        [
            0.8804414772414921,
            0.1195585227585081
        ],
        [
            0.03450430706212384,
            0.965495692937876
        ],
        [
            0.950370713412328,
            0.049629286587671864
        ],
        [
            0.9671752730468005,
            0.03282472695319956
        ],
        [
            0.8985424776295147,
            0.10145752237048529
        ],
        [
            0.1760618308691748,
            0.8239381691308251
        ],
        [
            0.9679471614297795,
            0.032052838570220545
        ],
        [
            0.10065851185984961,
            0.8993414881401504
        ],
        [
            0.9828334152454604,
            0.017166584754539634
        ],
        [
            0.721180127462197,
            0.27881987253780316
        ],
        [
            0.2048867402997531,
            0.7951132597002467
        ],
        [
            0.9463463062183041,
            0.05365369378169601
        ],
        [
            0.9799167379296597,
            0.020083262070340325
        ],
        [
            0.9814872073632465,
            0.01851279263675354
        ],
        [
            0.08490677613097283,
            0.9150932238690271
        ]
    ],
    "y_pred_decoded": [
        "republican",
        "republican",
        "republican",
        "republican",
        "republican",
        "republican",
        "democrat",
        "democrat",
        "republican",
        "republican",
        "republican",
        "democrat",
        "democrat",
        "republican",
        "republican",
        "republican",
        "democrat",
        "republican",
        "democrat",
        "democrat",
        "democrat",
        "democrat",
        "democrat",
        "republican",
        "democrat",
        "democrat",
        "republican",
        "democrat",
        "democrat",
        "republican",
        "republican",
        "democrat",
        "democrat",
        "democrat",
        "republican",
        "democrat",
        "republican",
        "democrat",
        "republican",
        "republican",
        "republican",
        "democrat",
        "republican",
        "democrat",
        "democrat",
        "democrat",
        "democrat",
        "democrat",
        "democrat",
        "democrat",
        "democrat",
        "democrat",
        "republican",
        "democrat",
        "democrat",
        "democrat",
        "republican",
        "democrat",
        "republican",
        "democrat",
        "democrat",
        "republican",
        "democrat",
        "democrat",
        "democrat",
        "republican"
    ],
    "model_name": "SVC with RBF kernel"
}