{
    "accuracy": 0.9545454545454546,
    "classification_report": "              precision    recall  f1-score   support\n\n           0       0.93      1.00      0.96        38\n           1       1.00      0.89      0.94        28\n\n    accuracy                           0.95        66\n   macro avg       0.96      0.95      0.95        66\nweighted avg       0.96      0.95      0.95        66\n",
    "y_score": [
        [
            0.014167892980124337,
            0.9858321070198757
        ],
        [
            0.031746946407925906,
            0.9682530535920743
        ],
        [
            0.031746946407925906,
            0.9682530535920743
        ],
        [
            0.10751009482956847,
            0.8924899051704316
        ],
        [
            0.06707037442324203,
            0.932929625576758
        ],
        [
            0.7070094216128595,
            0.29299057838714077
        ],
        [
            0.9718887434739061,
            0.02811125652609389
        ],
        [
            0.9565979079229125,
            0.043402092077087534
        ],
        [
            0.015889865050440242,
            0.9841101349495598
        ],
        [
            0.03697995575862547,
            0.9630200442413746
        ],
        [
            0.7742740713445079,
            0.22572592865549237
        ],
        [
            0.9441933801144247,
            0.05580661988557523
        ],
        [
            0.9970650340083604,
            0.0029349659916395824
        ],
        [
            0.05702545666661922,
            0.9429745433333807
        ],
        [
            0.4407410696751446,
            0.5592589303248555
        ],
        [
            0.020878391844195387,
            0.9791216081558047
        ],
        [
            0.9988238034220566,
            0.0011761965779434425
        ],
        [
            0.015889865050440242,
            0.9841101349495598
        ],
        [
            0.8920180762926707,
            0.10798192370732938
        ],
        [
            0.993340018252976,
            0.006659981747023881
        ],
        [
            0.9639746991572395,
            0.03602530084276036
        ],
        [
            0.9309731299923252,
            0.06902687000767477
        ],
        [
            0.9567858606018912,
            0.043214139398108746
        ],
        [
            0.4495334528499834,
            0.5504665471500166
        ],
        [
            0.7140503813917808,
            0.2859496186082195
        ],
        [
            0.9281360962496498,
            0.07186390375035015
        ],
        [
            0.03154216124147216,
            0.9684578387585279
        ],
        [
            0.9964322690287065,
            0.0035677309712935984
        ],
        [
            0.9708509750819702,
            0.029149024918029856
        ],
        [
            0.00847513409139578,
            0.9915248659086043
        ],
        [
            0.00847513409139578,
            0.9915248659086043
        ],
        [
            0.9529314167942212,
            0.04706858320577891
        ],
        [
            0.9868168414262807,
            0.013183158573719442
        ],
        [
            0.9701939308325851,
            0.029806069167414878
        ],
        [
            0.6411319631188834,
            0.35886803688111646
        ],
        [
            0.8636196949767253,
            0.1363803050232747
        ],
        [
            0.015889865050440242,
            0.9841101349495598
        ],
        [
            0.9561666959465687,
            0.04383330405343142
        ],
        [
            0.025411209094449345,
            0.9745887909055506
        ],
        [
            0.015889865050440242,
            0.9841101349495598
        ],
        [
            0.014167892980124337,
            0.9858321070198757
        ],
        [
            0.993340018252976,
            0.006659981747023881
        ],
        [
            0.11680414837089355,
            0.8831958516291066
        ],
        [
            0.9322124510198684,
            0.06778754898013156
        ],
        [
            0.9968579830060265,
            0.003142016993973592
        ],
        [
            0.993340018252976,
            0.006659981747023881
        ],
        [
            0.8972749416421242,
            0.10272505835787586
        ],
        [
            0.9561666959465687,
            0.04383330405343142
        ],
        [
            0.9876556246728512,
            0.012344375327148752
        ],
        [
            0.8997502877439044,
            0.1002497122560956
        ],
        [
            0.9970650340083604,
            0.0029349659916395824
        ],
        [
            0.7728946875158154,
            0.2271053124841846
        ],
        [
            0.10012905555387014,
            0.8998709444461297
        ],
        [
            0.9436516473248823,
            0.056348352675117785
        ],
        [
            0.9615154904129535,
            0.03848450958704648
        ],
        [
            0.9164776556257852,
            0.08352234437421499
        ],
        [
            0.06990235337820776,
            0.9300976466217922
        ],
        [
            0.9677788537680216,
            0.032221146231978255
        ],
        [
            0.1569444094038294,
            0.8430555905961704
        ],
        [
            0.9918145999875184,
            0.008185400012481582
        ],
        [
            0.7509018645530876,
            0.2490981354469126
        ],
        [
            0.28491582682122,
            0.7150841731787801
        ],
        [
            0.9531348427016298,
            0.04686515729837018
        ],
        [
            0.9992989766182421,
            0.0007010233817579206
        ],
        [
            0.9968579830060265,
            0.003142016993973592
        ],
        [
            0.05392313108316576,
            0.9460768689168342
        ]
    ],
    "y_pred_decoded": [
        "republican",
        "republican",
        "republican",
        "republican",
        "republican",
        "democrat",
        "democrat",
        "democrat",
        "republican",
        "republican",
        "democrat",
        "democrat",
        "democrat",
        "republican",
        "republican",
        "republican",
        "democrat",
        "republican",
        "democrat",
        "democrat",
        "democrat",
        "democrat",
        "democrat",
        "republican",
        "democrat",
        "democrat",
        "republican",
        "democrat",
        "democrat",
        "republican",
        "republican",
        "democrat",
        "democrat",
        "democrat",
        "democrat",
        "democrat",
        "republican",
        "democrat",
        "republican",
        "republican",
        "republican",
        "democrat",
        "republican",
        "democrat",
        "democrat",
        "democrat",
        "democrat",
        "democrat",
        "democrat",
        "democrat",
        "democrat",
        "democrat",
        "republican",
        "democrat",
        "democrat",
        "democrat",
        "republican",
        "democrat",
        "republican",
        "democrat",
        "democrat",
        "republican",
        "democrat",
        "democrat",
        "democrat",
        "republican"
    ],
    "model_name": "SVC with polynomial (degree 3) kernel"
}