{
    "accuracy": 0.9696969696969697,
    "classification_report": "              precision    recall  f1-score   support\n\n           0       0.95      1.00      0.97        38\n           1       1.00      0.93      0.96        28\n\n    accuracy                           0.97        66\n   macro avg       0.97      0.96      0.97        66\nweighted avg       0.97      0.97      0.97        66\n",
    "y_score": [
        [
            0.02501101065000388,
            0.9749889893499961
        ],
        [
            0.0675167472100232,
            0.9324832527899768
        ],
        [
            0.0675167472100232,
            0.9324832527899768
        ],
        [
            1.2176892007750833e-05,
            0.9999878231079923
        ],
        [
            0.02417674011746861,
            0.9758232598825314
        ],
        [
            0.6239868265967561,
            0.37601317340324386
        ],
        [
            0.7898530214600245,
            0.21014697853997538
        ],
        [
            0.9881283414878503,
            0.011871658512149757
        ],
        [
            0.024177334442026827,
            0.9758226655579731
        ],
        [
            0.09947277239143154,
            0.9005272276085684
        ],
        [
            0.0053678390947496275,
            0.9946321609052503
        ],
        [
            0.9866776326434006,
            0.013322367356599432
        ],
        [
            0.9895264995701585,
            0.010473500429841562
        ],
        [
            0.0031190817993907998,
            0.9968809182006093
        ],
        [
            1.0271733470442787e-06,
            0.999998972826653
        ],
        [
            0.022749523745836213,
            0.9772504762541637
        ],
        [
            0.9993201759941944,
            0.0006798240058056785
        ],
        [
            0.024177334442026827,
            0.9758226655579731
        ],
        [
            0.9107100018542583,
            0.08928999814574153
        ],
        [
            0.9966351511731223,
            0.003364848826877677
        ],
        [
            0.9076854030580784,
            0.09231459694192161
        ],
        [
            0.9392315641050102,
            0.06076843589498972
        ],
        [
            0.982493436125869,
            0.017506563874130965
        ],
        [
            0.0066334265509649755,
            0.9933665734490351
        ],
        [
            0.8790689269823122,
            0.1209310730176876
        ],
        [
            0.8721078968732058,
            0.1278921031267941
        ],
        [
            0.07154566979011139,
            0.9284543302098884
        ],
        [
            0.99340349287436,
            0.006596507125640049
        ],
        [
            0.9175516588545922,
            0.08244834114540746
        ],
        [
            0.015351505484149824,
            0.98464849451585
        ],
        [
            0.015351505484149824,
            0.98464849451585
        ],
        [
            0.9184408305165797,
            0.08155916948342036
        ],
        [
            0.9974064621806666,
            0.0025935378193334712
        ],
        [
            0.9658385870831017,
            0.034161412916898386
        ],
        [
            0.6813157884000438,
            0.3186842115999561
        ],
        [
            0.9723132218565781,
            0.027686778143421777
        ],
        [
            0.024177334442026827,
            0.9758226655579731
        ],
        [
            0.8608366548652083,
            0.13916334513479153
        ],
        [
            0.007896236958388063,
            0.992103763041612
        ],
        [
            0.024177334442026827,
            0.9758226655579731
        ],
        [
            0.02501101065000388,
            0.9749889893499961
        ],
        [
            0.9966351511731223,
            0.003364848826877677
        ],
        [
            0.20355315991405085,
            0.7964468400859492
        ],
        [
            0.9971670087390934,
            0.0028329912609066097
        ],
        [
            0.9833653873178292,
            0.01663461268217095
        ],
        [
            0.9966351511731223,
            0.003364848826877677
        ],
        [
            0.9889789364685826,
            0.011021063531417508
        ],
        [
            0.8608366548652083,
            0.13916334513479153
        ],
        [
            0.9995490497312767,
            0.00045095026872334244
        ],
        [
            0.9801964694737133,
            0.01980353052628657
        ],
        [
            0.9895264995701585,
            0.010473500429841562
        ],
        [
            0.8666432599127005,
            0.13335674008729934
        ],
        [
            1.416991312666884e-05,
            0.9999858300868734
        ],
        [
            0.988549560557895,
            0.011450439442105049
        ],
        [
            0.879010887515758,
            0.120989112484242
        ],
        [
            0.6461684442333492,
            0.3538315557666509
        ],
        [
            0.044171275810153024,
            0.955828724189847
        ],
        [
            0.9858316853034153,
            0.014168314696584673
        ],
        [
            0.2709655017514828,
            0.7290344982485171
        ],
        [
            0.9946519299208701,
            0.005348070079129927
        ],
        [
            0.8831099492451664,
            0.11689005075483369
        ],
        [
            0.30692582466985885,
            0.6930741753301412
        ],
        [
            0.9997126186591492,
            0.0002873813408508598
        ],
        [
            0.9965159899459994,
            0.003484010054000416
        ],
        [
            0.9833653873178292,
            0.01663461268217095
        ],
        [
            0.009258676532154076,
            0.9907413234678459
        ]
    ],
    "y_pred_decoded": [
        "republican",
        "republican",
        "republican",
        "republican",
        "republican",
        "democrat",
        "democrat",
        "democrat",
        "republican",
        "republican",
        "republican",
        "democrat",
        "democrat",
        "republican",
        "republican",
        "republican",
        "democrat",
        "republican",
        "democrat",
        "democrat",
        "democrat",
        "democrat",
        "democrat",
        "republican",
        "democrat",
        "democrat",
        "republican",
        "democrat",
        "democrat",
        "republican",
        "republican",
        "democrat",
        "democrat",
        "democrat",
        "democrat",
        "democrat",
        "republican",
        "democrat",
        "republican",
        "republican",
        "republican",
        "democrat",
        "republican",
        "democrat",
        "democrat",
        "democrat",
        "democrat",
        "democrat",
        "democrat",
        "democrat",
        "democrat",
        "democrat",
        "republican",
        "democrat",
        "democrat",
        "democrat",
        "republican",
        "democrat",
        "republican",
        "democrat",
        "democrat",
        "republican",
        "democrat",
        "democrat",
        "democrat",
        "republican"
    ],
    "model_name": "SVC with linear kernel"
}